company,source,board_token,title,location,employment_type,experience_summary,entry_level_match_reason,job_link
Stripe,greenhouse,stripe,"Backend / API Engineer, Billing","Toronto, Canada",,"window.__capturedErrors = []; window.onerror = function (message, url, line, column, error) { __capturedErrors.push(error); }; window.onunhandledrejection = function(evt) { __capturedErrors.push(evt.reason); } (() => { c",intern,https://stripe.com/jobs/search?gh_jid=7737237
Stripe,greenhouse,stripe,"Backend/API Engineer, Money as a Service",US,,"window.__capturedErrors = []; window.onerror = function (message, url, line, column, error) { __capturedErrors.push(error); }; window.onunhandledrejection = function(evt) { __capturedErrors.push(evt.reason); } (() => { c",intern,https://stripe.com/jobs/search?gh_jid=6176758
Stripe,greenhouse,stripe,"Backend / API Engineer, Payouts",United Kingdom,,"window.__capturedErrors = []; window.onerror = function (message, url, line, column, error) { __capturedErrors.push(error); }; window.onunhandledrejection = function(evt) { __capturedErrors.push(evt.reason); } (() => { c",intern,https://stripe.com/jobs/search?gh_jid=7369543
Stripe,greenhouse,stripe,"Backend Engineer/API, Payments and Risk","Dublin, Ireland",,"window.__capturedErrors = []; window.onerror = function (message, url, line, column, error) { __capturedErrors.push(error); }; window.onunhandledrejection = function(evt) { __capturedErrors.push(evt.reason); } (() => { c",intern,https://stripe.com/jobs/search?gh_jid=4921361
Stripe,greenhouse,stripe,"Backend Engineer, Billing/Tax",N/A,,"window.__capturedErrors = []; window.onerror = function (message, url, line, column, error) { __capturedErrors.push(error); }; window.onunhandledrejection = function(evt) { __capturedErrors.push(evt.reason); } (() => { c",intern,https://stripe.com/jobs/search?gh_jid=7217048
Stripe,greenhouse,stripe,"Backend Engineer, Core Tech, Canada","Toronto, CAN-Remote",,"window.__capturedErrors = []; window.onerror = function (message, url, line, column, error) { __capturedErrors.push(error); }; window.onunhandledrejection = function(evt) { __capturedErrors.push(evt.reason); } (() => { c",intern,https://stripe.com/jobs/search?gh_jid=6567253
Stripe,greenhouse,stripe,"Backend Engineer, Core Technology","US-Remote, Chicago",,"window.__capturedErrors = []; window.onerror = function (message, url, line, column, error) { __capturedErrors.push(error); }; window.onunhandledrejection = function(evt) { __capturedErrors.push(evt.reason); } (() => { c",intern,https://stripe.com/jobs/search?gh_jid=6042172
Stripe,greenhouse,stripe,"Backend Engineer, Core Technology",Dublin,,"window.__capturedErrors = []; window.onerror = function (message, url, line, column, error) { __capturedErrors.push(error); }; window.onunhandledrejection = function(evt) { __capturedErrors.push(evt.reason); } (() => { c",intern,https://stripe.com/jobs/search?gh_jid=7182617
Stripe,greenhouse,stripe,"Backend Engineer, Payments and Risk",US,,"window.__capturedErrors = []; window.onerror = function (message, url, line, column, error) { __capturedErrors.push(error); }; window.onunhandledrejection = function(evt) { __capturedErrors.push(evt.reason); } (() => { c",intern,https://stripe.com/jobs/search?gh_jid=6163230
Stripe,greenhouse,stripe,"Backend Engineer, Payments and Risk",US,,"window.__capturedErrors = []; window.onerror = function (message, url, line, column, error) { __capturedErrors.push(error); }; window.onunhandledrejection = function(evt) { __capturedErrors.push(evt.reason); } (() => { c",intern,https://stripe.com/jobs/search?gh_jid=7232592
Stripe,greenhouse,stripe,"Full Stack Engineer, Developer Experience & Product Platform",N/A,,"window.__capturedErrors = []; window.onerror = function (message, url, line, column, error) { __capturedErrors.push(error); }; window.onunhandledrejection = function(evt) { __capturedErrors.push(evt.reason); } (() => { c",intern,https://stripe.com/jobs/search?gh_jid=6567104
Stripe,greenhouse,stripe,"Full Stack Engineer, Ecosystem","Toronto, Canada",,"window.__capturedErrors = []; window.onerror = function (message, url, line, column, error) { __capturedErrors.push(error); }; window.onunhandledrejection = function(evt) { __capturedErrors.push(evt.reason); } (() => { c",intern,https://stripe.com/jobs/search?gh_jid=7403151
Stripe,greenhouse,stripe,"Full Stack Engineer, Money as a Service",N/A,,"window.__capturedErrors = []; window.onerror = function (message, url, line, column, error) { __capturedErrors.push(error); }; window.onunhandledrejection = function(evt) { __capturedErrors.push(evt.reason); } (() => { c",intern,https://stripe.com/jobs/search?gh_jid=6606581
Stripe,greenhouse,stripe,"Full Stack Engineer, Risk & Support",N/A,,"window.__capturedErrors = []; window.onerror = function (message, url, line, column, error) { __capturedErrors.push(error); }; window.onunhandledrejection = function(evt) { __capturedErrors.push(evt.reason); } (() => { c",intern,https://stripe.com/jobs/search?gh_jid=7591894
Stripe,greenhouse,stripe,"Full Stack Engineer, Support Experience",Dublin,,"window.__capturedErrors = []; window.onerror = function (message, url, line, column, error) { __capturedErrors.push(error); }; window.onunhandledrejection = function(evt) { __capturedErrors.push(evt.reason); } (() => { c",intern,https://stripe.com/jobs/search?gh_jid=7913464
Stripe,greenhouse,stripe,"Full Stack Engineer, Web Presence and Platform",N/A,,"window.__capturedErrors = []; window.onerror = function (message, url, line, column, error) { __capturedErrors.push(error); }; window.onunhandledrejection = function(evt) { __capturedErrors.push(evt.reason); } (() => { c",intern,https://stripe.com/jobs/search?gh_jid=7436086
Stripe,greenhouse,stripe,"Software Engineer, Core Technology",Bangalore,,"window.__capturedErrors = []; window.onerror = function (message, url, line, column, error) { __capturedErrors.push(error); }; window.onunhandledrejection = function(evt) { __capturedErrors.push(evt.reason); } (() => { c",intern,https://stripe.com/jobs/search?gh_jid=7618977
Stripe,greenhouse,stripe,"Software Engineer, Data Orchestration",N/A,,"window.__capturedErrors = []; window.onerror = function (message, url, line, column, error) { __capturedErrors.push(error); }; window.onunhandledrejection = function(evt) { __capturedErrors.push(evt.reason); } (() => { c",intern,https://stripe.com/jobs/search?gh_jid=7230670
Stripe,greenhouse,stripe,"Software Engineer, Fee Insights",Bengaluru,,"window.__capturedErrors = []; window.onerror = function (message, url, line, column, error) { __capturedErrors.push(error); }; window.onunhandledrejection = function(evt) { __capturedErrors.push(evt.reason); } (() => { c",intern,https://stripe.com/jobs/search?gh_jid=7436194
Stripe,greenhouse,stripe,"Software Engineering, New Grad",Singapore,,"window.__capturedErrors = []; window.onerror = function (message, url, line, column, error) { __capturedErrors.push(error); }; window.onunhandledrejection = function(evt) { __capturedErrors.push(evt.reason); } (() => { c",intern,https://stripe.com/jobs/search?gh_jid=7176977
Stripe,greenhouse,stripe,"Software Engineer, Internal Systems","Bengaluru, India",,"window.__capturedErrors = []; window.onerror = function (message, url, line, column, error) { __capturedErrors.push(error); }; window.onunhandledrejection = function(evt) { __capturedErrors.push(evt.reason); } (() => { c",intern,https://stripe.com/jobs/search?gh_jid=7543868
Stripe,greenhouse,stripe,"Software Engineer, Money Movement",London,,"window.__capturedErrors = []; window.onerror = function (message, url, line, column, error) { __capturedErrors.push(error); }; window.onunhandledrejection = function(evt) { __capturedErrors.push(evt.reason); } (() => { c",intern,https://stripe.com/jobs/search?gh_jid=7208537
Stripe,greenhouse,stripe,"Software Engineer, Payments",Singapore,,"window.__capturedErrors = []; window.onerror = function (message, url, line, column, error) { __capturedErrors.push(error); }; window.onunhandledrejection = function(evt) { __capturedErrors.push(evt.reason); } (() => { c",intern,https://stripe.com/jobs/search?gh_jid=7529787
Stripe,greenhouse,stripe,"Software Engineer, Payments and Risk","Dublin, Ireland",,"window.__capturedErrors = []; window.onerror = function (message, url, line, column, error) { __capturedErrors.push(error); }; window.onunhandledrejection = function(evt) { __capturedErrors.push(evt.reason); } (() => { c",intern,https://stripe.com/jobs/search?gh_jid=6717520
